{
    "name": "root",
    "gauges": {
        "Mover.Policy.Entropy.mean": {
            "value": 1.2568297386169434,
            "min": 1.2568297386169434,
            "max": 1.323777437210083,
            "count": 299
        },
        "Mover.Policy.Entropy.sum": {
            "value": 36737.1328125,
            "min": 35100.24609375,
            "max": 41821.5703125,
            "count": 299
        },
        "Mover.Environment.EpisodeLength.mean": {
            "value": 363.77777777777777,
            "min": 181.6073619631902,
            "max": 549.0363636363636,
            "count": 299
        },
        "Mover.Environment.EpisodeLength.sum": {
            "value": 29466.0,
            "min": 28549.0,
            "max": 31140.0,
            "count": 299
        },
        "Mover.Step.mean": {
            "value": 8969826.0,
            "min": 29865.0,
            "max": 8969826.0,
            "count": 299
        },
        "Mover.Step.sum": {
            "value": 8969826.0,
            "min": 29865.0,
            "max": 8969826.0,
            "count": 299
        },
        "Mover.Policy.ExtrinsicValueEstimate.mean": {
            "value": 0.02999117039144039,
            "min": 0.009080064482986927,
            "max": 0.1059313639998436,
            "count": 299
        },
        "Mover.Policy.ExtrinsicValueEstimate.sum": {
            "value": 2.459275960922241,
            "min": 0.7130120396614075,
            "max": 14.681766510009766,
            "count": 299
        },
        "Mover.Environment.CumulativeReward.mean": {
            "value": 0.43905779204250855,
            "min": -0.06729258652086612,
            "max": 2.5404132349150523,
            "count": 299
        },
        "Mover.Environment.CumulativeReward.sum": {
            "value": 35.56368115544319,
            "min": -5.450699508190155,
            "max": 401.43854826688766,
            "count": 299
        },
        "Mover.Policy.ExtrinsicReward.mean": {
            "value": 0.43905779204250855,
            "min": -0.06729258652086612,
            "max": 2.5404132349150523,
            "count": 299
        },
        "Mover.Policy.ExtrinsicReward.sum": {
            "value": 35.56368115544319,
            "min": -5.450699508190155,
            "max": 401.43854826688766,
            "count": 299
        },
        "Mover.IsTraining.mean": {
            "value": 1.0,
            "min": 1.0,
            "max": 1.0,
            "count": 299
        },
        "Mover.IsTraining.sum": {
            "value": 1.0,
            "min": 1.0,
            "max": 1.0,
            "count": 299
        },
        "Mover.Losses.PolicyLoss.mean": {
            "value": 0.008385014126542956,
            "min": 0.006419495906538941,
            "max": 0.012660490680718794,
            "count": 296
        },
        "Mover.Losses.PolicyLoss.sum": {
            "value": 0.008385014126542956,
            "min": 0.006419495906538941,
            "max": 0.012660490680718794,
            "count": 296
        },
        "Mover.Losses.ValueLoss.mean": {
            "value": 0.021383521729148924,
            "min": 0.006324380764272064,
            "max": 0.38972182928118854,
            "count": 296
        },
        "Mover.Losses.ValueLoss.sum": {
            "value": 0.021383521729148924,
            "min": 0.006324380764272064,
            "max": 0.38972182928118854,
            "count": 296
        },
        "Mover.Policy.LearningRate.mean": {
            "value": 8.07886360598e-06,
            "min": 8.07886360598e-06,
            "max": 1.9959990866713336e-05,
            "count": 296
        },
        "Mover.Policy.LearningRate.sum": {
            "value": 8.07886360598e-06,
            "min": 8.07886360598e-06,
            "max": 1.9959990866713336e-05,
            "count": 296
        },
        "Mover.Policy.Epsilon.mean": {
            "value": 0.07980299,
            "min": 0.050100023333333334,
            "max": 0.07980299,
            "count": 296
        },
        "Mover.Policy.Epsilon.sum": {
            "value": 0.07980299,
            "min": 0.050100023333333334,
            "max": 0.07980299,
            "count": 296
        },
        "Mover.Policy.Beta.mean": {
            "value": 0.00040990079799999994,
            "min": 0.00040990079799999994,
            "max": 0.000998019538,
            "count": 296
        },
        "Mover.Policy.Beta.sum": {
            "value": 0.00040990079799999994,
            "min": 0.00040990079799999994,
            "max": 0.000998019538,
            "count": 296
        }
    },
    "metadata": {
        "timer_format_version": "0.1.0",
        "start_time_seconds": "1742728600",
        "python_version": "3.9.13 (tags/v3.9.13:6de2ca5, May 17 2022, 16:36:42) [MSC v.1929 64 bit (AMD64)]",
        "command_line_arguments": "C:\\Users\\draco\\AppData\\Local\\Programs\\Python\\Python39\\Scripts\\mlagents-learn ./config/ppo/bullethell.yaml --run-id=move_07 --initialize-from=move_06 --force",
        "mlagents_version": "0.30.0",
        "mlagents_envs_version": "0.30.0",
        "communication_protocol_version": "1.5.0",
        "pytorch_version": "1.7.1+cu110",
        "numpy_version": "1.21.2",
        "end_time_seconds": "1742743863"
    },
    "total": 15262.1684297,
    "count": 1,
    "self": 0.004370399999970687,
    "children": {
        "run_training.setup": {
            "total": 0.10621910000000012,
            "count": 1,
            "self": 0.10621910000000012
        },
        "TrainerController.start_learning": {
            "total": 15262.0578402,
            "count": 1,
            "self": 27.949372098697495,
            "children": {
                "TrainerController._reset_env": {
                    "total": 16.1929578,
                    "count": 1,
                    "self": 16.1929578
                },
                "TrainerController.advance": {
                    "total": 15217.839179001301,
                    "count": 1800355,
                    "self": 26.271472401458595,
                    "children": {
                        "env_step": {
                            "total": 11803.542022100533,
                            "count": 1800355,
                            "self": 8261.51538120019,
                            "children": {
                                "SubprocessEnvManager._take_step": {
                                    "total": 3523.511870400129,
                                    "count": 1800355,
                                    "self": 85.11767440047288,
                                    "children": {
                                        "TorchPolicy.evaluate": {
                                            "total": 3438.394195999656,
                                            "count": 1800355,
                                            "self": 3438.394195999656
                                        }
                                    }
                                },
                                "workers": {
                                    "total": 18.514770500215025,
                                    "count": 1800354,
                                    "self": 0.0,
                                    "children": {
                                        "worker_root": {
                                            "total": 15089.69058009869,
                                            "count": 1800354,
                                            "is_parallel": true,
                                            "self": 8389.885309797992,
                                            "children": {
                                                "steps_from_proto": {
                                                    "total": 0.00034959999999983893,
                                                    "count": 1,
                                                    "is_parallel": true,