{"count":1,"self":361.81573119999996,"total":13569.5862293,"children":{"InitializeActuators":{"count":1,"self":0.001014,"total":0.001014,"children":null},"InitializeSensors":{"count":1,"self":0.0010012999999999999,"total":0.0010012999999999999,"children":null},"AgentSendState":{"count":501001,"self":16.1636672,"total":1163.5382244,"children":{"CollectObservations":{"count":501001,"self":542.6971136,"total":542.69712299999992,"children":null},"WriteActionMask":{"count":501001,"self":1.7135471999999998,"total":1.7135472999999999,"children":null},"RequestDecision":{"count":501001,"self":6.1307336,"total":602.9638867,"children":{"AgentInfo.ToProto":{"count":501001,"self":7.1406304,"total":596.83315329999994,"children":{"GenerateSensorData":{"count":501001,"self":589.69251839999993,"total":589.6925228,"children":null}}}}}}},"DecideAction":{"count":501001,"self":12030.103551999999,"total":12030.1031883,"children":null},"AgentAct":{"count":501001,"self":13.9420896,"total":14.12608,"children":{"AgentInfo.ToProto":{"count":167,"self":0.0059802,"total":0.18399079999999998,"children":{"GenerateSensorData":{"count":167,"self":0.1780106,"total":0.1780106,"children":null}}}}}},"gauges":{"Mover.CumulativeReward":{"count":167,"max":0.75,"min":-1.5,"runningAverage":-0.1616766,"value":-1.5,"weightedAverage":-0.396341234}},"metadata":{"timer_format_version":"0.1.0","start_time_seconds":"1770527204","unity_version":"2022.3.62f2","command_line_arguments":"C:\\Program Files\\Unity\\Hub\\Editor\\2022.3.62f2\\Editor\\Unity.exe -projectpath C:\\Users\\draco\\Documents\\Unity Projects\\BulletTest -acceptSoftwareTermsForThisRunOnly -useHub -hubIPC -cloudEnvironment production","communication_protocol_version":"1.5.0","com.unity.ml-agents_version":"3.0.0-exp.1","scene_name":"Main","end_time_seconds":"1770540774"}}