{"count":1,"self":835.2246272,"total":10385.6154157,"children":{"InitializeActuators":{"count":1,"self":0.0010000999999999999,"total":0.0010000999999999999,"children":null},"InitializeSensors":{"count":1,"self":0.0020005,"total":0.0020005,"children":null},"AgentSendState":{"count":1503001,"self":22.7535232,"total":230.89814149999998,"children":{"CollectObservations":{"count":1503001,"self":156.3737984,"total":156.3738017,"children":null},"WriteActionMask":{"count":1503001,"self":3.2836106,"total":3.2836106,"children":null},"RequestDecision":{"count":1503001,"self":12.482817599999999,"total":48.487206,"children":{"AgentInfo.ToProto":{"count":1503001,"self":10.281068,"total":36.004388299999995,"children":{"GenerateSensorData":{"count":1503001,"self":25.723319999999998,"total":25.723320299999997,"children":null}}}}}}},"DecideAction":{"count":1503001,"self":9213.8430464,"total":9213.8427584,"children":null},"AgentAct":{"count":1503001,"self":105.6378496,"total":105.64588119999999,"children":{"AgentInfo.ToProto":{"count":501,"self":0.0010262,"total":0.008029,"children":{"GenerateSensorData":{"count":501,"self":0.0070028,"total":0.0070028,"children":null}}}}}},"gauges":{"Bullethell.CumulativeReward":{"count":501,"max":169.560028,"min":-1653.70276,"runningAverage":-220.357742,"value":-131.256027,"weightedAverage":-82.08073}},"metadata":{"timer_format_version":"0.1.0","start_time_seconds":"1717964489","unity_version":"2022.3.22f1","command_line_arguments":"C:\\Program Files\\Unity\\Hub\\Editor\\2022.3.22f1\\Editor\\Unity.exe -projectpath C:\\Users\\draco\\Documents\\Unity Projects\\BulletTest -useHub -hubIPC -cloudEnvironment production","communication_protocol_version":"1.5.0","com.unity.ml-agents_version":"3.0.0-exp.1","scene_name":"Main","end_time_seconds":"1717974874"}}