{
    "name": "root",
    "gauges": {
        "Mover.Policy.Entropy.mean": {
            "value": 1.44121515750885,
            "min": 1.418938398361206,
            "max": 1.4419307708740234,
            "count": 16
        },
        "Mover.Policy.Entropy.sum": {
            "value": 43236.453125,
            "min": 42568.15234375,
            "max": 43257.921875,
            "count": 16
        },
        "Mover.Environment.EpisodeLength.mean": {
            "value": 2999.0,
            "min": 2999.0,
            "max": 2999.0,
            "count": 16
        },
        "Mover.Environment.EpisodeLength.sum": {
            "value": 29990.0,
            "min": 29990.0,
            "max": 29990.0,
            "count": 16
        },
        "Mover.Step.mean": {
            "value": 477000.0,
            "min": 27000.0,
            "max": 477000.0,
            "count": 16
        },
        "Mover.Step.sum": {
            "value": 477000.0,
            "min": 27000.0,
            "max": 477000.0,
            "count": 16
        },
        "Mover.Policy.ExtrinsicValueEstimate.mean": {
            "value": -0.019006069749593735,
            "min": -0.033265747129917145,
            "max": 9.32647594709124e-07,
            "count": 16
        },
        "Mover.Policy.ExtrinsicValueEstimate.sum": {
            "value": -0.19006069004535675,
            "min": -0.33265748620033264,
            "max": 8.393828466068953e-06,
            "count": 16
        },
        "Mover.Environment.CumulativeReward.mean": {
            "value": -0.15,
            "min": -0.45,
            "max": 0.0,
            "count": 16
        },
        "Mover.Environment.CumulativeReward.sum": {
            "value": -1.5,
            "min": -4.5,
            "max": 0.0,
            "count": 16
        },
        "Mover.Policy.ExtrinsicReward.mean": {
            "value": -0.15,
            "min": -0.45,
            "max": 0.0,
            "count": 16
        },
        "Mover.Policy.ExtrinsicReward.sum": {
            "value": -1.5,
            "min": -4.5,
            "max": 0.0,
            "count": 16
        },
        "Mover.IsTraining.mean": {
            "value": 1.0,
            "min": 1.0,
            "max": 1.0,
            "count": 16
        },
        "Mover.IsTraining.sum": {
            "value": 1.0,
            "min": 1.0,
            "max": 1.0,
            "count": 16
        },
        "Mover.Losses.PolicyLoss.mean": {
            "value": 0.008249166444511503,
            "min": 0.007583858041471103,
            "max": 0.010216584730005706,
            "count": 14
        },
        "Mover.Losses.PolicyLoss.sum": {
            "value": 0.008249166444511503,
            "min": 0.007583858041471103,
            "max": 0.010216584730005706,
            "count": 14
        },
        "Mover.Losses.ValueLoss.mean": {
            "value": 0.0038941799022722988,
            "min": 6.242747535907256e-05,
            "max": 0.004200985591160134,
            "count": 14
        },
        "Mover.Losses.ValueLoss.sum": {
            "value": 0.0038941799022722988,
            "min": 6.242747535907256e-05,
            "max": 0.004200985591160134,
            "count": 14
        },
        "Mover.Policy.LearningRate.mean": {
            "value": 0.0002,
            "min": 0.0002,
            "max": 0.0002,
            "count": 14
        },
        "Mover.Policy.LearningRate.sum": {
            "value": 0.0002,
            "min": 0.0002,
            "max": 0.0002,
            "count": 14
        },
        "Mover.Policy.Epsilon.mean": {
            "value": 0.05,
            "min": 0.05,
            "max": 0.05,
            "count": 14
        },
        "Mover.Policy.Epsilon.sum": {
            "value": 0.05,
            "min": 0.05,
            "max": 0.05,
            "count": 14
        },
        "Mover.Policy.Beta.mean": {
            "value": 0.001,
            "min": 0.001,
            "max": 0.001,
            "count": 14
        },
        "Mover.Policy.Beta.sum": {
            "value": 0.001,
            "min": 0.001,
            "max": 0.001,
            "count": 14
        }
    },
    "metadata": {
        "timer_format_version": "0.1.0",
        "start_time_seconds": "1770527202",
        "python_version": "3.9.13 (tags/v3.9.13:6de2ca5, May 17 2022, 16:36:42) [MSC v.1929 64 bit (AMD64)]",
        "command_line_arguments": "C:\\Users\\draco\\AppData\\Local\\Programs\\Python\\Python39\\Scripts\\mlagents-learn bullethell.yaml --run-id=image_001 --force",
        "mlagents_version": "0.30.0",
        "mlagents_envs_version": "0.30.0",
        "communication_protocol_version": "1.5.0",
        "pytorch_version": "2.8.0+cpu",
        "numpy_version": "1.21.2",
        "end_time_seconds": "1770540774"
    },
    "total": 13572.5248263,
    "count": 1,
    "self": 0.012043699998685042,
    "children": {
        "run_training.setup": {
            "total": 0.07010129999999992,
            "count": 1,
            "self": 0.07010129999999992
        },
        "TrainerController.start_learning": {
            "total": 13572.442681300001,
            "count": 1,
            "self": 9.814477300093131,
            "children": {
                "TrainerController._reset_env": {
                    "total": 3.0676251999999997,
                    "count": 1,
                    "self": 3.0676251999999997
                },
                "TrainerController.advance": {
                    "total": 13558.576759999909,
                    "count": 501000,
                    "self": 8.684742800056483,
                    "children": {
                        "env_step": {
                            "total": 8930.460118899873,
                            "count": 501000,
                            "self": 4440.567701599768,
                            "children": {
                                "SubprocessEnvManager._take_step": {
                                    "total": 4483.938649100319,
                                    "count": 501000,
                                    "self": 40.69078999993417,
                                    "children": {
                                        "TorchPolicy.evaluate": {
                                            "total": 4443.247859100385,
                                            "count": 501000,
                                            "self": 4443.247859100385
                                        }
                                    }
                                },
                                "workers": {
                                    "total": 5.953768199785869,
                                    "count": 501000,
                                    "self": 0.0,
                                    "children": {
                                        "worker_root": {
                                            "total": 13553.986442999969,
                                            "count": 501000,
                                            "is_parallel": true,
                                            "self": 9778.458587499823,
                                            "children": {
                                                "steps_from_proto": {
                                                    "total": 0.0012777999999999956,
                                                    "count": 1,
                                                    "is_parallel": true,
                                                    "self": 5.8000000000113516e-05,
                                                    "children": {
                                                        "_process_rank_one_or_two_observation": {
                                                            "total": 0.001219799999999882,
                                                            "count": 2,
                                                            "is_parallel": true,